{
  "coord_scale_logits": {
    "0:0": -1.42261585584074,
    "0:1": -4.4701097699041386,
    "1:0": -2.785953209664303,
    "1:1": -3.958052772766339,
    "2:0": -3.9459396754378724,
    "2:1": -4.376797231137785,
    "3:0": -4.484821351578721,
    "3:1": -0.743231214052341,
    "4:0": -4.579980108395364,
    "4:1": -2.309055477616451,
    "5:0": -4.444470639662676,
    "5:1": -3.948484704509837,
    "6:0": -4.918342502680715
  },
  "default_logit": -4.918342502680715,
  "metadata": {
    "description": "Experimental coord/scale MCTS action prior built from the SMART smoke_5 traces. It only changes search order and must remain opt-in.",
    "metric_validation": "runs/bench_exact/action_prior_generalization_smoke5_w01.json",
    "min_reward": 0.0,
    "records_seen": 307,
    "records_used": 255,
    "reward_power": 1.0,
    "smoothing": 1.0,
    "source": "scripts/build_action_prior_from_traces.py",
    "trace_profile": "configs/smoke_5.yaml"
  }
}
